author,photos,published,title,url
Unsplash+,"[{'url': 'https://plus.unsplash.com/premium_photo-1669274936462-5ac9832ba708?q=80&w=779&auto=format&fit=crop&ixlib=rb-4.0.3&ixid=M3wxMjA3fDB8MHxwaG90by1wYWdlfHx8fGVufDB8fHx8fA%3D%3D', 'path': 'full/5b7dcc907c7bc6e3f061d9684c4e171556ee931d.jpg', 'checksum': '388d8448373e5ebc1e89c4fab4d466fd', 'status': 'uptodate'}, {'url': 'https://plus.unsplash.com/premium_photo-1669274936462-5ac9832ba708?q=80&w=779&auto=format&fit=crop&ixlib=rb-4.0.3&ixid=M3wxMjA3fDB8MHxwaG90by1wYWdlfHx8fGVufDB8fHx8fA%3D%3D', 'path': 'full/5b7dcc907c7bc6e3f061d9684c4e171556ee931d.jpg', 'checksum': '388d8448373e5ebc1e89c4fab4d466fd', 'status': 'uptodate'}, {'url': 'https://plus.unsplash.com/premium_photo-1669274959633-cddca2dcae0f?w=100&auto=format&fit=crop&q=60&ixlib=rb-4.0.3&ixid=M3wxMjA3fDB8MHxwaG90by1pbi1zYW1lLXNlcmllc3wxfHx8ZW58MHx8fHx8', 'path': 'full/ee1157f62612d0b8f4c5e109fdb7316c8167bd91.jpg', 'checksum': '22474bb686c87bf557e9b36d560fc1dc', 'status': 'uptodate'}]",2022-11-25,wallpaper,https://unsplash.com/photos/a-person-in-a-boat-in-the-middle-of-the-ocean-kNP3TdE6uGI
frank mckenna,"[{'url': 'https://images.unsplash.com/photo-1471922694854-ff1b63b20054?q=80&w=872&auto=format&fit=crop&ixlib=rb-4.0.3&ixid=M3wxMjA3fDB8MHxwaG90by1wYWdlfHx8fGVufDB8fHx8fA%3D%3D', 'path': 'full/d5e9eb01e15bff8b512bcf460f4d441984388e2c.jpg', 'checksum': '319b56cb402ca7d692063e8920e9d31e', 'status': 'uptodate'}, {'url': 'https://images.unsplash.com/photo-1471922694854-ff1b63b20054?q=80&w=872&auto=format&fit=crop&ixlib=rb-4.0.3&ixid=M3wxMjA3fDB8MHxwaG90by1wYWdlfHx8fGVufDB8fHx8fA%3D%3D', 'path': 'full/d5e9eb01e15bff8b512bcf460f4d441984388e2c.jpg', 'checksum': '319b56cb402ca7d692063e8920e9d31e', 'status': 'uptodate'}]",2016-08-23,"Download this free HD photo of sea, nature, beach, and ocean in San Diego, United States by frank mckenna (@frankiefoto)",https://unsplash.com/photos/five-birds-flying-on-the-sea-OD9EOzfSOh0
Linus Nylund,"[{'url': 'https://images.unsplash.com/photo-1501436513145-30f24e19fcc8?q=80&w=388&auto=format&fit=crop&ixlib=rb-4.0.3&ixid=M3wxMjA3fDB8MHxwaG90by1wYWdlfHx8fGVufDB8fHx8fA%3D%3D', 'path': 'full/38145f176bbfca5b9028db731886b8a274511e08.jpg', 'checksum': '9d7f3c85988c9590fe06b9bd0e42fd73', 'status': 'uptodate'}, {'url': 'https://images.unsplash.com/photo-1501436513145-30f24e19fcc8?q=80&w=388&auto=format&fit=crop&ixlib=rb-4.0.3&ixid=M3wxMjA3fDB8MHxwaG90by1wYWdlfHx8fGVufDB8fHx8fA%3D%3D', 'path': 'full/38145f176bbfca5b9028db731886b8a274511e08.jpg', 'checksum': '9d7f3c85988c9590fe06b9bd0e42fd73', 'status': 'uptodate'}]",2017-07-30,Waking up at 5.30 we entered the water just as the sun was rising. Even in a busy place there is always a time when most people are sleeping and you can find a tranquil moment for yourself.,https://unsplash.com/photos/calm-body-of-water-during-golden-hour-JP23z_-dA74
Unsplash+,"[{'url': 'https://plus.unsplash.com/premium_photo-1675670743878-a30bd5ea03e4?q=80&w=387&auto=format&fit=crop&ixlib=rb-4.0.3&ixid=M3wxMjA3fDB8MHxwaG90by1wYWdlfHx8fGVufDB8fHx8fA%3D%3D', 'path': 'full/d01ad365357aa3961cf7eedde093ce667f92aeea.jpg', 'checksum': '4e48360a43407e232cebd689b24db8be', 'status': 'uptodate'}, {'url': 'https://plus.unsplash.com/premium_photo-1675670743878-a30bd5ea03e4?q=80&w=387&auto=format&fit=crop&ixlib=rb-4.0.3&ixid=M3wxMjA3fDB8MHxwaG90by1wYWdlfHx8fGVufDB8fHx8fA%3D%3D', 'path': 'full/d01ad365357aa3961cf7eedde093ce667f92aeea.jpg', 'checksum': '4e48360a43407e232cebd689b24db8be', 'status': 'uptodate'}, {'url': 'https://plus.unsplash.com/premium_photo-1675670749768-77b94648a6fa?w=100&auto=format&fit=crop&q=60&ixlib=rb-4.0.3&ixid=M3wxMjA3fDB8MHxwaG90by1pbi1zYW1lLXNlcmllc3wxfHx8ZW58MHx8fHx8', 'path': 'full/f5fd3f5c53a7c32578cdfc0518b0a8846747832d.jpg', 'checksum': '9bdc7c23bf9fa38c620444566777ec28', 'status': 'uptodate'}, {'url': 'https://plus.unsplash.com/premium_photo-1675670743925-43a9fca297b9?w=100&auto=format&fit=crop&q=60&ixlib=rb-4.0.3&ixid=M3wxMjA3fDB8MHxwaG90by1pbi1zYW1lLXNlcmllc3wyfHx8ZW58MHx8fHx8', 'path': 'full/ee8c98b22a347aaffd0394e414119a32cfa0af45.jpg', 'checksum': 'dec6fbb22d41928a872fd4bfcb1a2a6b', 'status': 'uptodate'}, {'url': 'https://plus.unsplash.com/premium_photo-1675670729118-87739043fa19?w=100&auto=format&fit=crop&q=60&ixlib=rb-4.0.3&ixid=M3wxMjA3fDB8MHxwaG90by1pbi1zYW1lLXNlcmllc3wzfHx8ZW58MHx8fHx8', 'path': 'full/f6e6ab1ad0cf26fdae9a1014736723031eff55ac.jpg', 'checksum': 'ecd9acf86d8880c4d9e1fc865f7369cf', 'status': 'uptodate'}, {'url': 'https://plus.unsplash.com/premium_photo-1675670727198-d02e4dfa8569?w=100&auto=format&fit=crop&q=60&ixlib=rb-4.0.3&ixid=M3wxMjA3fDB8MHxwaG90by1pbi1zYW1lLXNlcmllc3w0fHx8ZW58MHx8fHx8', 'path': 'full/0f79ab8675b59f5af3081b36ce989e8436f1642d.jpg', 'checksum': 'c80c8d3606874ef5b1bc69b4caeb5459', 'status': 'uptodate'}, {'url': 'https://plus.unsplash.com/premium_photo-1675670734520-6c5d5ad5c1de?w=100&auto=format&fit=crop&q=60&ixlib=rb-4.0.3&ixid=M3wxMjA3fDB8MHxwaG90by1pbi1zYW1lLXNlcmllc3w1fHx8ZW58MHx8fHx8', 'path': 'full/8e788c67af9c04cd7fe406eb346c57edcf195bd0.jpg', 'checksum': 'a4a6fb6844c0dde1df171f6c1ddf3c16', 'status': 'uptodate'}, {'url': 'https://plus.unsplash.com/premium_photo-1675670738535-479c28cdb50f?w=100&auto=format&fit=crop&q=60&ixlib=rb-4.0.3&ixid=M3wxMjA3fDB8MHxwaG90by1pbi1zYW1lLXNlcmllc3w2fHx8ZW58MHx8fHx8', 'path': 'full/48877e85070c52eff779f5c5c6cdfaa4a0ab4f45.jpg', 'checksum': '71cf4cf637bb0dabd6edc9dedfb53999', 'status': 'uptodate'}, {'url': 'https://plus.unsplash.com/premium_photo-1675670728204-071a54118456?w=100&auto=format&fit=crop&q=60&ixlib=rb-4.0.3&ixid=M3wxMjA3fDB8MHxwaG90by1pbi1zYW1lLXNlcmllc3w3fHx8ZW58MHx8fHx8', 'path': 'full/952a2063a2ad4d14ac3e27b0f6ca1c3637dd7652.jpg', 'checksum': '38db6215e959a48cb3420f92d738215f', 'status': 'uptodate'}]",2023-02-06,"Download this HD photo of beach, ocean, sand, and coast in Aveiro, Portugal by Ricardo Resende (@rresenden)",https://unsplash.com/photos/a-view-of-the-ocean-from-a-sandy-beach-gsV_7OWQQ_I
Laurenz Kleinheider,"[{'url': 'https://images.unsplash.com/photo-1510297895683-0f27794412d5?q=80&w=388&auto=format&fit=crop&ixlib=rb-4.0.3&ixid=M3wxMjA3fDB8MHxwaG90by1wYWdlfHx8fGVufDB8fHx8fA%3D%3D', 'path': 'full/e666fd1eaf1919ce9cad7704ea04d4a42c56e80f.jpg', 'checksum': 'a343b3d2635a301f3475800fd5d32fc5', 'status': 'uptodate'}, {'url': 'https://images.unsplash.com/photo-1510297895683-0f27794412d5?q=80&w=388&auto=format&fit=crop&ixlib=rb-4.0.3&ixid=M3wxMjA3fDB8MHxwaG90by1wYWdlfHx8fGVufDB8fHx8fA%3D%3D', 'path': 'full/e666fd1eaf1919ce9cad7704ea04d4a42c56e80f.jpg', 'checksum': 'a343b3d2635a301f3475800fd5d32fc5', 'status': 'uptodate'}]",2017-11-10,Sunset in the mediterranean,https://unsplash.com/photos/body-of-water-iMPND6oFrLo
Jeremy Bishop,"[{'url': 'https://images.unsplash.com/photo-1464925257126-6450e871c667?q=80&w=774&auto=format&fit=crop&ixlib=rb-4.0.3&ixid=M3wxMjA3fDB8MHxwaG90by1wYWdlfHx8fGVufDB8fHx8fA%3D%3D', 'path': 'full/f21368a4be9be382d366fde20a4afee5d6ae62f5.jpg', 'checksum': '414296605679d1d8e8016871737b7592', 'status': 'uptodate'}, {'url': 'https://images.unsplash.com/photo-1464925257126-6450e871c667?q=80&w=774&auto=format&fit=crop&ixlib=rb-4.0.3&ixid=M3wxMjA3fDB8MHxwaG90by1wYWdlfHx8fGVufDB8fHx8fA%3D%3D', 'path': 'full/f21368a4be9be382d366fde20a4afee5d6ae62f5.jpg', 'checksum': '414296605679d1d8e8016871737b7592', 'status': 'uptodate'}]",2016-06-03,"Download this free HD photo of blue, water, sea, and ocean by Jeremy Bishop (@jeremybishop)",https://unsplash.com/photos/photo-of-underwater-1braZySlEKA
Joseph Barrientos,"[{'url': 'https://images.unsplash.com/photo-1439405326854-014607f694d7?q=80&w=870&auto=format&fit=crop&ixlib=rb-4.0.3&ixid=M3wxMjA3fDB8MHxwaG90by1wYWdlfHx8fGVufDB8fHx8fA%3D%3D', 'path': 'full/9dd93fa1b7e089d6dade9c1212ed9f9c1961699f.jpg', 'checksum': '4aba26f3b3d84851ca3effe76a49c431', 'status': 'uptodate'}, {'url': 'https://images.unsplash.com/photo-1439405326854-014607f694d7?q=80&w=870&auto=format&fit=crop&ixlib=rb-4.0.3&ixid=M3wxMjA3fDB8MHxwaG90by1wYWdlfHx8fGVufDB8fHx8fA%3D%3D', 'path': 'full/9dd93fa1b7e089d6dade9c1212ed9f9c1961699f.jpg', 'checksum': '4aba26f3b3d84851ca3effe76a49c431', 'status': 'uptodate'}]",2015-08-12,"Download this free HD photo of sea, water, ocean, and landscape in Tel Aviv-Yafo, Israel by Joseph Barrientos (@jbcreate_)",https://unsplash.com/photos/body-of-water-during-golden-hour-oQl0eVYd_n8
Pawel Nolbert,"[{'url': 'https://images.unsplash.com/photo-1497290756760-23ac55edf36f?q=80&w=387&auto=format&fit=crop&ixlib=rb-4.0.3&ixid=M3wxMjA3fDB8MHxwaG90by1wYWdlfHx8fGVufDB8fHx8fA%3D%3D', 'path': 'full/cf30efec7a576402d0bf37092ac3010325c6718d.jpg', 'checksum': '12bf363a070b50e939f62b7a0c9af4b3', 'status': 'uptodate'}, {'url': 'https://images.unsplash.com/photo-1497290756760-23ac55edf36f?q=80&w=387&auto=format&fit=crop&ixlib=rb-4.0.3&ixid=M3wxMjA3fDB8MHxwaG90by1wYWdlfHx8fGVufDB8fHx8fA%3D%3D', 'path': 'full/cf30efec7a576402d0bf37092ac3010325c6718d.jpg', 'checksum': '12bf363a070b50e939f62b7a0c9af4b3', 'status': 'uptodate'}]",2017-06-12,On a Melancholy Cloud,https://unsplash.com/photos/cloud-above-ocean-xe-ss5Tg2mo
Unsplash+,"[{'url': 'https://plus.unsplash.com/premium_photo-1666286163385-abe05f0326c4?q=80&w=775&auto=format&fit=crop&ixlib=rb-4.0.3&ixid=M3wxMjA3fDB8MHxwaG90by1wYWdlfHx8fGVufDB8fHx8fA%3D%3D', 'path': 'full/54b387cee5025c22be7b6dae3ec35296982ea2f5.jpg', 'checksum': '968445d716b17cdd5df259e5a8e06976', 'status': 'uptodate'}, {'url': 'https://plus.unsplash.com/premium_photo-1666286163385-abe05f0326c4?q=80&w=775&auto=format&fit=crop&ixlib=rb-4.0.3&ixid=M3wxMjA3fDB8MHxwaG90by1wYWdlfHx8fGVufDB8fHx8fA%3D%3D', 'path': 'full/54b387cee5025c22be7b6dae3ec35296982ea2f5.jpg', 'checksum': '968445d716b17cdd5df259e5a8e06976', 'status': 'uptodate'}]",2022-10-21,Chain of islands uninhabited in Tha Atoll Maldives.,https://unsplash.com/photos/an-aerial-view-of-an-island-in-the-middle-of-the-ocean-uxhmO7BumvA
samsommer,"[{'url': 'https://images.unsplash.com/photo-1494879540385-bc170b0878a7?q=80&w=870&auto=format&fit=crop&ixlib=rb-4.0.3&ixid=M3wxMjA3fDB8MHxwaG90by1wYWdlfHx8fGVufDB8fHx8fA%3D%3D', 'path': 'full/c29b37b1a174581b018753eb2ed94d286d25d934.jpg', 'checksum': '3bc2f8fc2c598b574f5fb0d9d084d8e6', 'status': 'uptodate'}, {'url': 'https://images.unsplash.com/photo-1494879540385-bc170b0878a7?q=80&w=870&auto=format&fit=crop&ixlib=rb-4.0.3&ixid=M3wxMjA3fDB8MHxwaG90by1wYWdlfHx8fGVufDB8fHx8fA%3D%3D', 'path': 'full/c29b37b1a174581b018753eb2ed94d286d25d934.jpg', 'checksum': '3bc2f8fc2c598b574f5fb0d9d084d8e6', 'status': 'uptodate'}]",2017-05-15,Cape Point,https://unsplash.com/photos/aerial-view-of-seashore-with-stones-J3ABLQjZQBg
Thierry Meier,"[{'url': 'https://images.unsplash.com/photo-1488921618671-463b781ac428?q=80&w=870&auto=format&fit=crop&ixlib=rb-4.0.3&ixid=M3wxMjA3fDB8MHxwaG90by1wYWdlfHx8fGVufDB8fHx8fA%3D%3D', 'path': 'full/1056314f4de31f91cd01553a2d7ee816986a1a9a.jpg', 'checksum': '9ababad51cb3e1f45d05eac7e337f406', 'status': 'uptodate'}, {'url': 'https://images.unsplash.com/photo-1488921618671-463b781ac428?q=80&w=870&auto=format&fit=crop&ixlib=rb-4.0.3&ixid=M3wxMjA3fDB8MHxwaG90by1wYWdlfHx8fGVufDB8fHx8fA%3D%3D', 'path': 'full/1056314f4de31f91cd01553a2d7ee816986a1a9a.jpg', 'checksum': '9ababad51cb3e1f45d05eac7e337f406', 'status': 'uptodate'}]",2017-03-07,"Download this free HD photo of sea, ocean, water, and nature in Taghazout, Morocco by Thierry Meier (@thierrymeier)",https://unsplash.com/photos/time-lapse-photography-of-body-of-water-PKEPAeMBOIU
Unsplash+,"[{'url': 'https://plus.unsplash.com/premium_photo-1669750791963-ec6f3a565fb9?q=80&w=388&auto=format&fit=crop&ixlib=rb-4.0.3&ixid=M3wxMjA3fDB8MHxwaG90by1wYWdlfHx8fGVufDB8fHx8fA%3D%3D', 'path': 'full/3bed8db1b2da20468c206edff76aa06efc955b1a.jpg', 'checksum': '23c0d79f990e9a630e8a86250cbd1852', 'status': 'uptodate'}, {'url': 'https://plus.unsplash.com/premium_photo-1669750791963-ec6f3a565fb9?q=80&w=388&auto=format&fit=crop&ixlib=rb-4.0.3&ixid=M3wxMjA3fDB8MHxwaG90by1wYWdlfHx8fGVufDB8fHx8fA%3D%3D', 'path': 'full/3bed8db1b2da20468c206edff76aa06efc955b1a.jpg', 'checksum': '23c0d79f990e9a630e8a86250cbd1852', 'status': 'uptodate'}, {'url': 'https://plus.unsplash.com/premium_photo-1669750819140-c3ea74b3dcec?w=100&auto=format&fit=crop&q=60&ixlib=rb-4.0.3&ixid=M3wxMjA3fDB8MHxwaG90by1pbi1zYW1lLXNlcmllc3wxfHx8ZW58MHx8fHx8', 'path': 'full/25ce89afd04da8bbc3bb70086e9e9a4cb19b64cb.jpg', 'checksum': '1de98f34ff2fc55f87d74eb0adc7496f', 'status': 'uptodate'}, {'url': 'https://plus.unsplash.com/premium_photo-1669750820968-df7e127830d1?w=100&auto=format&fit=crop&q=60&ixlib=rb-4.0.3&ixid=M3wxMjA3fDB8MHxwaG90by1pbi1zYW1lLXNlcmllc3wyfHx8ZW58MHx8fHx8', 'path': 'full/014e1ba2a1d55d1e5b875f814058733720d367fc.jpg', 'checksum': 'baf4489158440f5460a1be9921621ec1', 'status': 'uptodate'}, {'url': 'https://plus.unsplash.com/premium_photo-1669750820229-9939e83339dd?w=100&auto=format&fit=crop&q=60&ixlib=rb-4.0.3&ixid=M3wxMjA3fDB8MHxwaG90by1pbi1zYW1lLXNlcmllc3wzfHx8ZW58MHx8fHx8', 'path': 'full/8f87a581bd1f68373fd29988e976bc12c7f32672.jpg', 'checksum': '86f414cd3f453407462c4a49a7e7cfc0', 'status': 'uptodate'}, {'url': 'https://plus.unsplash.com/premium_photo-1669750818682-e2ab8dac42dd?w=100&auto=format&fit=crop&q=60&ixlib=rb-4.0.3&ixid=M3wxMjA3fDB8MHxwaG90by1pbi1zYW1lLXNlcmllc3w0fHx8ZW58MHx8fHx8', 'path': 'full/28ec8fa0d8fefe62b2983d2859467948db1d1c39.jpg', 'checksum': 'd3d3a625d3eaa8436f90aa5aa2f6fd45', 'status': 'uptodate'}, {'url': 'https://plus.unsplash.com/premium_photo-1669750820888-f87bfbe59264?w=100&auto=format&fit=crop&q=60&ixlib=rb-4.0.3&ixid=M3wxMjA3fDB8MHxwaG90by1pbi1zYW1lLXNlcmllc3w1fHx8ZW58MHx8fHx8', 'path': 'full/18ce5c058c40aad113d2e58df63ab0606910e805.jpg', 'checksum': '16752d9dc83613bc724d86cc02daf5b9', 'status': 'uptodate'}, {'url': 'https://plus.unsplash.com/premium_photo-1669750817804-0d4edd71ac25?w=100&auto=format&fit=crop&q=60&ixlib=rb-4.0.3&ixid=M3wxMjA3fDB8MHxwaG90by1pbi1zYW1lLXNlcmllc3w2fHx8ZW58MHx8fHx8', 'path': 'full/0aaf7b8392596486b7a301f652335385436bae4f.jpg', 'checksum': '44aa0dd0f907beaa41412a6c768060af', 'status': 'uptodate'}, {'url': 'https://plus.unsplash.com/premium_photo-1669750819731-027917ff651a?w=100&auto=format&fit=crop&q=60&ixlib=rb-4.0.3&ixid=M3wxMjA3fDB8MHxwaG90by1pbi1zYW1lLXNlcmllc3w3fHx8ZW58MHx8fHx8', 'path': 'full/bbdbe0c21d5a79f4fba49df5ea00234159b8dac0.jpg', 'checksum': 'd42a927a9e6dac24310599f99700361c', 'status': 'uptodate'}, {'url': 'https://plus.unsplash.com/premium_photo-1669750816308-0f09e9a69889?w=100&auto=format&fit=crop&q=60&ixlib=rb-4.0.3&ixid=M3wxMjA3fDB8MHxwaG90by1pbi1zYW1lLXNlcmllc3w4fHx8ZW58MHx8fHx8', 'path': 'full/22b034ee5bc7b40e3aa4c88ace3b268d7d255a18.jpg', 'checksum': 'f9531d87172f275af2a38b2a79305cc3', 'status': 'uptodate'}, {'url': 'https://plus.unsplash.com/premium_photo-1669750821336-8241213bf4a0?w=100&auto=format&fit=crop&q=60&ixlib=rb-4.0.3&ixid=M3wxMjA3fDB8MHxwaG90by1pbi1zYW1lLXNlcmllc3w5fHx8ZW58MHx8fHx8', 'path': 'full/730ab91cf4caef7dac0f99bee4dfc5b75a996c02.jpg', 'checksum': '5ee94293ca47d3e59d1891bdfa0d40e4', 'status': 'uptodate'}, {'url': 'https://plus.unsplash.com/premium_photo-1669750814630-6fdbcc96db1e?w=100&auto=format&fit=crop&q=60&ixlib=rb-4.0.3&ixid=M3wxMjA3fDB8MHxwaG90by1pbi1zYW1lLXNlcmllc3wxMHx8fGVufDB8fHx8fA%3D%3D', 'path': 'full/544822a62ea7f92c4f4976e0e297ef3a4739c536.jpg', 'checksum': '9a1aeb3c8cf230048c1b6d0176ebcf43', 'status': 'uptodate'}]",2022-11-30,"Download this HD photo of water, nature, ocean, and carribean by Tasha Marie (@teapalm)",https://unsplash.com/photos/a-body-of-water-with-clouds-above-it-71TCeLOLd1o
Andrzej Kryszpiniuk,"[{'url': 'https://images.unsplash.com/photo-1508624217470-5ef0f947d8be?q=80&w=870&auto=format&fit=crop&ixlib=rb-4.0.3&ixid=M3wxMjA3fDB8MHxwaG90by1wYWdlfHx8fGVufDB8fHx8fA%3D%3D', 'path': 'full/11cfa9378721c4ab29264e08cbe702543554cf36.jpg', 'checksum': '27abc365a0e3529163c940a47c1984a2', 'status': 'uptodate'}, {'url': 'https://images.unsplash.com/photo-1508624217470-5ef0f947d8be?q=80&w=870&auto=format&fit=crop&ixlib=rb-4.0.3&ixid=M3wxMjA3fDB8MHxwaG90by1wYWdlfHx8fGVufDB8fHx8fA%3D%3D', 'path': 'full/11cfa9378721c4ab29264e08cbe702543554cf36.jpg', 'checksum': '27abc365a0e3529163c940a47c1984a2', 'status': 'uptodate'}]",2017-10-21,Ocean,https://unsplash.com/photos/birds-eye-view-of-sea-waves-4wFqHZ1ONnM
Silas Baisch,"[{'url': 'https://images.unsplash.com/photo-1559825481-12a05cc00344?q=80&w=465&auto=format&fit=crop&ixlib=rb-4.0.3&ixid=M3wxMjA3fDB8MHxwaG90by1wYWdlfHx8fGVufDB8fHx8fA%3D%3D', 'path': 'full/4401abdc4456c1a35c7c8dfc910ae171f1ee6db3.jpg', 'checksum': '9e1b6ff1674b5e28781d8161311851f8', 'status': 'uptodate'}, {'url': 'https://images.unsplash.com/photo-1559825481-12a05cc00344?q=80&w=465&auto=format&fit=crop&ixlib=rb-4.0.3&ixid=M3wxMjA3fDB8MHxwaG90by1wYWdlfHx8fGVufDB8fHx8fA%3D%3D', 'path': 'full/4401abdc4456c1a35c7c8dfc910ae171f1ee6db3.jpg', 'checksum': '9e1b6ff1674b5e28781d8161311851f8', 'status': 'uptodate'}]",2019-06-06,"Download this free HD photo of water, ocean, sea, and nature by Silas Baisch (@silasbaisch)",https://unsplash.com/photos/blue-and-clear-body-of-water-K785Da4A_JA
Joel Vodell,"[{'url': 'https://images.unsplash.com/photo-1513553404607-988bf2703777?q=80&w=436&auto=format&fit=crop&ixlib=rb-4.0.3&ixid=M3wxMjA3fDB8MHxwaG90by1wYWdlfHx8fGVufDB8fHx8fA%3D%3D', 'path': 'full/ff18756814d8aa855083e7668ba1c9c2ab7a08f4.jpg', 'checksum': '815076e09bae1556aa64d07026ee884a', 'status': 'uptodate'}, {'url': 'https://images.unsplash.com/photo-1513553404607-988bf2703777?q=80&w=436&auto=format&fit=crop&ixlib=rb-4.0.3&ixid=M3wxMjA3fDB8MHxwaG90by1wYWdlfHx8fGVufDB8fHx8fA%3D%3D', 'path': 'full/ff18756814d8aa855083e7668ba1c9c2ab7a08f4.jpg', 'checksum': '815076e09bae1556aa64d07026ee884a', 'status': 'uptodate'}]",2017-12-17,Ocean,https://unsplash.com/photos/iphone-wallpaper-8Ogfqvw15Rg
Unsplash+,"[{'url': 'https://plus.unsplash.com/premium_photo-1675620963970-41055a7d6cfc?q=80&w=385&auto=format&fit=crop&ixlib=rb-4.0.3&ixid=M3wxMjA3fDB8MHxwaG90by1wYWdlfHx8fGVufDB8fHx8fA%3D%3D', 'path': 'full/564979f590d07b1023cb048200c25cb18d9ca438.jpg', 'checksum': 'd6192ed022a362a4369f6d9e53c5f9bd', 'status': 'uptodate'}, {'url': 'https://plus.unsplash.com/premium_photo-1675620963970-41055a7d6cfc?q=80&w=385&auto=format&fit=crop&ixlib=rb-4.0.3&ixid=M3wxMjA3fDB8MHxwaG90by1wYWdlfHx8fGVufDB8fHx8fA%3D%3D', 'path': 'full/564979f590d07b1023cb048200c25cb18d9ca438.jpg', 'checksum': 'd6192ed022a362a4369f6d9e53c5f9bd', 'status': 'uptodate'}]",2023-02-06,The textured ocean current.,https://unsplash.com/photos/a-man-riding-a-surfboard-on-top-of-a-wave-in-the-ocean-Xk4hnBZHHZ0
Shifaaz shamoon,"[{'url': 'https://images.unsplash.com/photo-1505142468610-359e7d316be0?q=80&w=326&auto=format&fit=crop&ixlib=rb-4.0.3&ixid=M3wxMjA3fDB8MHxwaG90by1wYWdlfHx8fGVufDB8fHx8fA%3D%3D', 'path': 'full/db92e6294bbfe1af5c5f18c2b6ecf57e8ba4b6e7.jpg', 'checksum': '46b147a3fe7fe54d3ffc87a0b10e661e', 'status': 'uptodate'}, {'url': 'https://images.unsplash.com/photo-1505142468610-359e7d316be0?q=80&w=326&auto=format&fit=crop&ixlib=rb-4.0.3&ixid=M3wxMjA3fDB8MHxwaG90by1wYWdlfHx8fGVufDB8fHx8fA%3D%3D', 'path': 'full/db92e6294bbfe1af5c5f18c2b6ecf57e8ba4b6e7.jpg', 'checksum': '46b147a3fe7fe54d3ffc87a0b10e661e', 'status': 'uptodate'}]",2017-09-11,Maldives,https://unsplash.com/photos/aerial-photo-of-seashore-sLAk1guBG90
Matt Hardy,"[{'url': 'https://images.unsplash.com/photo-1518837695005-2083093ee35b?q=80&w=870&auto=format&fit=crop&ixlib=rb-4.0.3&ixid=M3wxMjA3fDB8MHxwaG90by1wYWdlfHx8fGVufDB8fHx8fA%3D%3D', 'path': 'full/07fab9f5049f834de3eee557a724bfd69467702e.jpg', 'checksum': '1c98ee6f6d5b40bcc96c37643cbc7505', 'status': 'uptodate'}, {'url': 'https://images.unsplash.com/photo-1518837695005-2083093ee35b?q=80&w=870&auto=format&fit=crop&ixlib=rb-4.0.3&ixid=M3wxMjA3fDB8MHxwaG90by1wYWdlfHx8fGVufDB8fHx8fA%3D%3D', 'path': 'full/07fab9f5049f834de3eee557a724bfd69467702e.jpg', 'checksum': '1c98ee6f6d5b40bcc96c37643cbc7505', 'status': 'uptodate'}]",2018-02-17,Ocean Ripple,https://unsplash.com/photos/body-of-water-under-sky-6ArTTluciuA
Sean Oulashin,"[{'url': 'https://images.unsplash.com/photo-1507525428034-b723cf961d3e?q=80&w=873&auto=format&fit=crop&ixlib=rb-4.0.3&ixid=M3wxMjA3fDB8MHxwaG90by1wYWdlfHx8fGVufDB8fHx8fA%3D%3D', 'path': 'full/ce15b13e16d64a5c10b2d6b2e9ef074fc4028e95.jpg', 'checksum': '84b486c480dafd9c78eff36fd6286f6b', 'status': 'uptodate'}, {'url': 'https://images.unsplash.com/photo-1507525428034-b723cf961d3e?q=80&w=873&auto=format&fit=crop&ixlib=rb-4.0.3&ixid=M3wxMjA3fDB8MHxwaG90by1wYWdlfHx8fGVufDB8fHx8fA%3D%3D', 'path': 'full/ce15b13e16d64a5c10b2d6b2e9ef074fc4028e95.jpg', 'checksum': '84b486c480dafd9c78eff36fd6286f6b', 'status': 'uptodate'}]",2017-10-09,"The last night of a two week stay on the North Shore of Oahu, Hawaii.",https://unsplash.com/photos/seashore-during-golden-hour-KMn4VEeEPR8
